eccentricity,aspect_ratio,elongation,solidity,stochastic_convexity,isoperimetric_factor,maximal_indentation_depth,lobedness,average_intensity,average_contrast,smoothness,third_moment,uniformity,entropy
0.86755,2.009,0.51464,0.9869100000000001,1.0,0.70277,0.005443899999999999,0.0053936999999999995,0.030348000000000007,0.092063,0.0084044,0.0022541,0.00019854,0.94545
0.89084,2.2979,0.57815,0.9738899999999999,1.0,0.64598,0.015271000000000003,0.042443,0.028461,0.086477,0.007422800000000002,0.0018832,0.00024345,0.91307
0.50139,1.0066,0.29593,0.91585,0.99825,0.6402899999999999,0.021782,0.08634700000000001,0.054635,0.1598,0.024899,0.011106,0.00016162,1.0511
0.66889,1.1435,0.3846,0.90355,0.99649,0.6057100000000001,0.028329000000000007,0.14606,0.057505999999999995,0.15930999999999998,0.024752,0.010304,0.00018533,1.1365
0.83089,1.8199,0.45693,0.9824,1.0,0.7710600000000001,0.0060054999999999996,0.006564,0.0072447000000000015,0.040616,0.0016469000000000002,0.00038812,3.2863e-05,0.33696
0.6128899999999999,1.0991,0.33116999999999996,0.92405,0.98421,0.61661,0.025544999999999998,0.11877,0.054687,0.1606,0.025144999999999997,0.011672,0.00012121,1.1076
0.8411299999999999,1.86,0.46548999999999996,0.99039,1.0,0.75976,0.004675899999999999,0.0039793,0.062798,0.13234,0.017213,0.0044528,0.00065523,1.653
